{"shakespeare": {"y": [0.8132756639427987, 0.8167900919305413, 0.817773237997957, 0.817773237997957, 0.8183350357507659, 0.8183350357507659, 0.817773237997957, 0.8183350357507659, 0.8181945863125637, 0.8186159346271704], "x": [0.0, 0.1, 0.2, 0.3, 0.4, 0.5, 0.6, 0.7, 0.8, 0.9], "errorBar": [0.0039046806490748687, 0.0018480297979749712, 0.0012283976987544007, 0.0020665447401619235, 0.0006301819550179952, 0.0006301819550179952, 0.0012283976987544007, 0.0006301819550179952, 0.00066209868041182, 0.0004430375784702842], "color": "blue"}}